-- SQL Dump of Bowling.mdb
-- generated by MDB Viewer 2.2.5
-- optimized for MySQL

SET NAMES 'UTF8';



DROP TABLE IF EXISTS `Scorecards`;

CREATE TABLE `Scorecards` (
    `Team Name` VARCHAR(50),
    `Date of Game` DATETIME,
    `Venue Name` VARCHAR(50),
    `Final Score` INTEGER,
    PRIMARY KEY ( `Team Name`, `Date of Game` )
) CHARACTER SET 'UTF8';

INSERT INTO `Scorecards`(`Team Name`,`Date of Game`,`Venue Name`,`Final Score`)
VALUES('The Vipers','2001-03-10 00:00:00','Tens-Away',1092),
      ('Eighty-Ones','2001-03-10 00:00:00','Bowl Away',1262),
      ('Blue Pins','2001-03-17 00:00:00','Tens-Away',982),
      ('The Trolls','2001-03-17 00:00:00','Bowl Away',1302),
      ('The Vipers','2001-03-17 00:00:00','ABC Bowl',1498),
      ('Red Socks','2001-03-17 00:00:00','Blazing Alley',915),
      ('Red Socks','2001-03-24 00:00:00','ABC Bowl',1400),
      ('Blue Pins','2001-03-24 00:00:00','Blazing Alley',1298),
      ('Eighty-Ones','2001-03-24 00:00:00','Tens-Away',1870),
      ('The Trolls','2001-03-24 00:00:00','ABC Bowl',1092),
      ('Blue Pins','2001-03-31 00:00:00','ABC Bowl',0),
      ('Eighty-Ones','2001-03-31 00:00:00','Blazing Alley',0),
      ('Red Socks','2001-03-31 00:00:00','Bowl Away',0),
      ('The Vipers','2001-03-31 00:00:00','Tens-Away',0);



DROP TABLE IF EXISTS `Teams`;

CREATE TABLE `Teams` (
    `Team Name` VARCHAR(30) PRIMARY KEY,
    `Captain` VARCHAR(30),
    `Address` VARCHAR(50),
    `Postcode` VARCHAR(8),
    `Telephone` VARCHAR(50)
) CHARACTER SET 'UTF8';

INSERT INTO `Teams`(`Team Name`,`Captain`,`Address`,`Postcode`,`Telephone`)
VALUES('The Vipers','Charlie Burton','3 Croft Lane, Glasgow','GL43 8UY','0141 822 222'),
      ('Blue Pins','Harry Ramsey','17 Church Street, Coatbridge','GL98 8UY','01356 87278'),
      ('Red Socks','Neve Pollock','981 Long Street, Glasgow','GL99 5FR','0141 762 981'),
      ('The Trolls','Amber Rose','3 Cliff Side Way, Greenock','GL90 8AB','01452 1411'),
      ('Eighty-Ones','June Stewart','98b Dunkeld Road, Livingstone','GL76 6QW','01418 9892');



DROP TABLE IF EXISTS `Venue`;

CREATE TABLE `Venue` (
    `Venue Name` VARCHAR(25) PRIMARY KEY,
    `Venue Address` VARCHAR(50),
    `Venue Postcode` VARCHAR(50),
    `Venue Telephone` VARCHAR(50),
    `Hire Charge` DOUBLE
) CHARACTER SET 'UTF8';

INSERT INTO `Venue`(`Venue Name`,`Venue Address`,`Venue Postcode`,`Venue Telephone`,`Hire Charge`)
VALUES('Tens-Away','15 Brewer Street, Glasgow','GL12 7RQ','0141 829 827',90),
      ('ABC Bowl','12 St Vincents Street, Glasgow','GL56 6RT','0141 762 111',116),
      ('Blazing Alley','87 Argyll Road, Glasgow','GL11 8YU','0141 672 762',90),
      ('Bowl Away','Unit 7, Park Industrial Estate','GL5  8YH','0141 878 897',49);


