-- SQL Dump of Sale.mdb
-- generated by MDB Viewer 2.2.5
-- optimized for MySQL

SET NAMES 'UTF8';



DROP TABLE IF EXISTS `Customer`;

CREATE TABLE `Customer` (
    `Customer Number` VARCHAR(50),
    `Customer Name` VARCHAR(50),
    `Warehouse Number` VARCHAR(50),
    PRIMARY KEY ( `Customer Number`, `Warehouse Number` )
) CHARACTER SET 'UTF8';

INSERT INTO `Customer`(`Customer Number`,`Customer Name`,`Warehouse Number`)
VALUES('18765','Delta Systems','4'),
      ('18830','Levy & Son','3'),
      ('19242','Rainer & Co','3'),
      ('18841','Flood Inc','2'),
      ('18899','Seward Systems','2'),
      ('19565','Stodola Inc','1');



DROP TABLE IF EXISTS `Details`;

CREATE TABLE `Details` (
    `Sales Account Number` VARCHAR(50),
    `Customer Number` VARCHAR(50),
    `Salesperson Number` VARCHAR(50),
    `Sales Amount` VARCHAR(50),
    PRIMARY KEY ( `Sales Account Number`, `Customer Number`, `Salesperson Number` )
) CHARACTER SET 'UTF8';

INSERT INTO `Details`(`Sales Account Number`,`Customer Number`,`Salesperson Number`,`Sales Amount`)
VALUES('1','18765','3462','13540'),
      ('2','18830','3462','10600'),
      ('3','19242','3462','9700'),
      ('4','18841','3593','11560'),
      ('5','18899','3593','2590'),
      ('6','19565','3593','8800'),
      ('7','18765','3593','8720');



DROP TABLE IF EXISTS `Salesperson`;

CREATE TABLE `Salesperson` (
    `Salesperson Number` VARCHAR(50) PRIMARY KEY,
    `Salesperson Name` VARCHAR(50),
    `Sales Area` VARCHAR(50)
) CHARACTER SET 'UTF8';

INSERT INTO `Salesperson`(`Salesperson Number`,`Salesperson Name`,`Sales Area`)
VALUES('3462','Waters','West'),
      ('3593','Dryne','East');



DROP TABLE IF EXISTS `Warehouse`;

CREATE TABLE `Warehouse` (
    `Warehouse Number` VARCHAR(50) PRIMARY KEY,
    `Warehouse Location` VARCHAR(50)
) CHARACTER SET 'UTF8';

INSERT INTO `Warehouse`(`Warehouse Number`,`Warehouse Location`)
VALUES('1','Plymouth'),
      ('2','Superior'),
      ('3','Bismark'),
      ('4','Fargo');


