-- SQL Dump of Video Clubs.mdb
-- generated by MDB Viewer 2.2.5
-- optimized for MySQL

SET NAMES 'UTF8';



DROP TABLE IF EXISTS `Customer`;

CREATE TABLE `Customer` (
    `Customer ID` VARCHAR(50) PRIMARY KEY,
    `Title` VARCHAR(50),
    `First name` VARCHAR(50),
    `Initial` VARCHAR(50),
    `Surname` VARCHAR(50),
    `Address` VARCHAR(50),
    `Postcode` VARCHAR(50),
    `Telephone` VARCHAR(50)
) CHARACTER SET 'UTF8';

INSERT INTO `Customer`(`Customer ID`,`Title`,`First name`,`Initial`,`Surname`,`Address`,`Postcode`,`Telephone`)
VALUES('001','Mr','John','L','Morrison','12 Abbey Place','AB11 4HF','01224 316658'),
      ('003','Miss','Janet',NULL,'Jones','18a Broomhill Road','AB15 7GH','01224 322478'),
      ('004','Mr','Peter','C','Thomson','88 Anderson Drive','AB17 7HG','01224 485485'),
      ('002','Mrs','Mary','M','MacKay','34 Arnhall Place','AB31 4TY','01224 742554'),
      ('005','Mr','Graham','S','Smith','1 Pine Lane','AB31 2PY','01224 665332'),
      ('006','Mrs','Linda','S','Taylor','12 Berry Drive, Aberdeen','AB15 8UG','01224 335668');



DROP TABLE IF EXISTS `Transaction`;

CREATE TABLE `Transaction` (
    `Transaction Number` VARCHAR(50),
    `Customer ID` VARCHAR(50),
    `Video Tape Number` VARCHAR(50),
    `Date Out` DATETIME,
    `Date Returned` DATETIME,
    PRIMARY KEY ( `Transaction Number`, `Customer ID`, `Video Tape Number` )
) CHARACTER SET 'UTF8';

INSERT INTO `Transaction`(`Transaction Number`,`Customer ID`,`Video Tape Number`,`Date Out`,`Date Returned`)
VALUES('2','003','105','2002-02-17 00:00:00','2002-02-25 00:00:00'),
      ('5','004','103','2002-03-10 00:00:00',NULL),
      ('1','001','101','2002-02-20 00:00:00','2002-02-27 00:00:00'),
      ('3','002','102','2002-03-01 00:00:00',NULL),
      ('4','002','101','2002-03-01 00:00:00',NULL);



DROP TABLE IF EXISTS `Video`;

CREATE TABLE `Video` (
    `Video Tape Number` VARCHAR(50) PRIMARY KEY,
    `Video Title` VARCHAR(50),
    `Certificate` VARCHAR(50),
    `Rental Cost` DOUBLE,
    `In Stock` VARCHAR(50)
) CHARACTER SET 'UTF8';

INSERT INTO `Video`(`Video Tape Number`,`Video Title`,`Certificate`,`Rental Cost`,`In Stock`)
VALUES('102','Men In Black','12',2.5,'3'),
      ('103','Titanic','12',2.5,'4'),
      ('104','Bridget Jones Diary','12',3,'4'),
      ('105','Lord of the Rings','12',3,'3'),
      ('100','Shrek','PG',3.5,'5'),
      ('101','The Gringe','PG',3.5,'5');


